Name,Link Wordpress,Actiu
27 LLETRES,https://festesmajorsdecatalunya.cat/27-lletres/,Si
3DTRES,https://festesmajorsdecatalunya.cat/3dtres/,Si
A MOSSEGADES,https://festesmajorsdecatalunya.cat/a-mossegades/,Si
ACTIVIJOC,https://festesmajorsdecatalunya.cat/activijoc/,Si
AERIAL PRODUCTIONS,https://festesmajorsdecatalunya.cat/aerial-productions/,Si
AFK VIRTUAL EVENTS,https://festesmajorsdecatalunya.cat/afk-virtual-events/,Si
AI CARAI,https://festesmajorsdecatalunya.cat/ai-carai/,Si
AIGUA,https://festesmajorsdecatalunya.cat/aigua/,Si
ALBAROCK,https://festesmajorsdecatalunya.cat/albarock/,Si
ALBERT LLORENS - DESCOBREIX LA MÀGIA,https://festesmajorsdecatalunya.cat/albert-llorens/,Si
ALEA TEATRE - TEATRE DE CARRER,https://festesmajorsdecatalunya.cat/alea-teatre/,Si
ALMA I LA MAR DE CONTES,https://festesmajorsdecatalunya.cat/alma-i-la-mar-de-contes/,Si
ALUCINARTE,https://festesmajorsdecatalunya.cat/alucinarte/,Si
ÁLVARO OREJA,https://festesmajorsdecatalunya.cat/alvaro-oreja/,Si
AMAGATOTIS,https://festesmajorsdecatalunya.cat/amagatotis/,Si
ANNA AMIGÓ,https://festesmajorsdecatalunya.cat/anna-amigo/,Si
ANTA JOIES,https://festesmajorsdecatalunya.cat/anta-joies/,Si
ANTONIO MARTÍNEZ,https://festesmajorsdecatalunya.cat/antonio-martinez/,Si
AREAMAPPING,https://festesmajorsdecatalunya.cat/areamapping/,Si
ART I FLAMENC,https://festesmajorsdecatalunya.cat/art-i-flamenc/,Si
ART-TIC SHOWS,https://festesmajorsdecatalunya.cat/art-tic-shows/,Si
ARTIXOC,https://festesmajorsdecatalunya.cat/artixoc/,Si
ASSEGURANCES PER ESDEVENIMENTS,https://festesmajorsdecatalunya.cat/assegurances-per-esdeveniments/,Si
ATRAPA-SOMNIS,https://festesmajorsdecatalunya.cat/atrapa-somnis/,Si
AUSERVI GROUP,https://festesmajorsdecatalunya.cat/auservi-group/,Si
BAAL,https://festesmajorsdecatalunya.cat/baal/,Si
BADULAQUE 80,https://festesmajorsdecatalunya.cat/badulaque-80/,Si
BALKUMBIA,https://festesmajorsdecatalunya.cat/balkumbia/,Si
BALLET DE BARCELONA,https://festesmajorsdecatalunya.cat/ballet-de-barcelona/,Si
BAND THE GRESCA,https://festesmajorsdecatalunya.cat/band-the-gresca/,Si
BAND THE MARXA,https://festesmajorsdecatalunya.cat/band-the-marxa/,Si
BANDA DE SABADELL,https://festesmajorsdecatalunya.cat/banda-de-sabadell/,Si
BANDA VILA DE FALSET,https://festesmajorsdecatalunya.cat/banda-vila-de-falset/,Si
BANDARRA STREET ORKESTRA,https://festesmajorsdecatalunya.cat/bandarra-street-orkestra/,Si
BANDIDOS,https://festesmajorsdecatalunya.cat/bandidos/,Si
BARBE'S INFLATE,https://festesmajorsdecatalunya.cat/barbes-inflate/,Si
BARBE'S SPUME,https://festesmajorsdecatalunya.cat/barbes-spume/,Si
BARCELONA BIG BLUES BAND,https://festesmajorsdecatalunya.cat/barcelona-big-blues-band/,Si
BARCELONA FLAMENCO BALLET,https://festesmajorsdecatalunya.cat/barcelona-flamenco-ballet/,Si
BARKI JOIES,https://festesmajorsdecatalunya.cat/barki-joies/,Si
BARMUTILLU,https://festesmajorsdecatalunya.cat/barmutillu/,Si
BARRINA {ARTESANIA DE LA LLANA},https://festesmajorsdecatalunya.cat/barrina/,Si
BARRINA {ARTESANIA DE LA LLANA},https://festesmajorsdecatalunya.cat/?page_id=13511,Si
BECAUSE,https://festesmajorsdecatalunya.cat/because/,Si
BEIRÃO PERCUSSIÓ,https://festesmajorsdecatalunya.cat/beirao-percussio/,Si
BETO TEJADA - GRUP DE RUMBA & ROCK,https://festesmajorsdecatalunya.cat/beto-tejada/,Si
BIG TOWN,https://festesmajorsdecatalunya.cat/big-town/,Si
BINIXIFLAT - TITELLES,https://festesmajorsdecatalunya.cat/binixiflat/,Si
BLACK FLAMENCO,https://festesmajorsdecatalunya.cat/black-flamenco/,Si
BLAI SENABRE,https://festesmajorsdecatalunya.cat/blai-senabre/,Si
BLINK FLASH,https://festesmajorsdecatalunya.cat/blink-flash/,Si
BLUA MARO,https://festesmajorsdecatalunya.cat/blua-maro/,Si
BOCTUKADA,https://festesmajorsdecatalunya.cat/boctukada/,Si
BORINQUEN - HAVANERES,https://festesmajorsdecatalunya.cat/borinquen-havaneres/,Si
BOTIFESTA,https://festesmajorsdecatalunya.cat/botifesta/,Si
BRAMS,https://festesmajorsdecatalunya.cat/brams/,Si
BRAVÍSSIMA FOODTRUCK,https://festesmajorsdecatalunya.cat/bravissima/,Si
BRIAN DE LA RUMBA,https://festesmajorsdecatalunya.cat/brian-de-la-rumba/,Si
BRODAS BROS,https://festesmajorsdecatalunya.cat/brodas-bros/,Si
BROS BROTHERS,https://festesmajorsdecatalunya.cat/bros-brothers/,Si
BRUIXA EXPRESS,https://festesmajorsdecatalunya.cat/bruixa-express/,Si
CAL MAGINET,https://festesmajorsdecatalunya.cat/?page_id=14966,Si
CAL SARGANTANA,https://festesmajorsdecatalunya.cat/cal-sargantana/,Si
CAMPI QUI PUGUI,https://festesmajorsdecatalunya.cat/campi-qui-pugui/,Si
CÀMPING PRADES,https://festesmajorsdecatalunya.cat/camping-prades/,Si
CANGURS PER ESDEVENIMENTS,https://festesmajorsdecatalunya.cat/cangurs-per-esdeveniments/,Si
CANTAUTORS,https://festesmajorsdecatalunya.cat/cantautors/,Si
CAPINÀS,https://festesmajorsdecatalunya.cat/capinas/,Si
CARLOS BIANCHINI - ESPECTACLES FAMILIARS,https://festesmajorsdecatalunya.cat/carlos-bianchini-espectacles-familiars/,Si
CARRO DE CONTES,https://festesmajorsdecatalunya.cat/carro-de-contes/,Si
CASA GAY,https://festesmajorsdecatalunya.cat/casa-gay/,Si
CASABLANCAS,https://festesmajorsdecatalunya.cat/casablancas/,Si
CASH CARAVAN,https://festesmajorsdecatalunya.cat/cash-caravan/,Si
CATALUNYA COMUNICA,https://festesmajorsdecatalunya.cat/catalunya-comunica/,Si
CATCH AND CONTROL,https://festesmajorsdecatalunya.cat/catch-and-control/,Si
CATSOUND,https://festesmajorsdecatalunya.cat/catsound/,Si
CAVALLÉ TEXTIL,https://festesmajorsdecatalunya.cat/cavalle-textil/,Si
CENTAURO - LA GRUPESTRA,https://festesmajorsdecatalunya.cat/centauro/,Si
CIA BERGAMOTTO,https://festesmajorsdecatalunya.cat/cia-bergamotto/,Si
CIA CINOT,https://festesmajorsdecatalunya.cat/cia-cinot/,Si
CIA COTUFA I CACHABA,https://festesmajorsdecatalunya.cat/cia-cotufa-i-cachaba/,Si
CIA NS DANZA,https://festesmajorsdecatalunya.cat/cia-nsdanza/,Si
CIA PAKIPAYA,https://festesmajorsdecatalunya.cat/cia-pakipaya/,Si
CIA PERNASSOS,https://festesmajorsdecatalunya.cat/cia-pernassos/,Si
CIA SEBASTIÁN GARCÍA FERRO,https://festesmajorsdecatalunya.cat/cia-sebastian-garcia-ferro/,Si
CIA SEON,https://festesmajorsdecatalunya.cat/cia-seon/,Si
CIA. ALBOREÁ,https://festesmajorsdecatalunya.cat/cia-alborea/,Si
CIA. CLOWN A LA CLOWN,https://festesmajorsdecatalunya.cat/cia-clown-a-la-clown/,Si
CIA. COM SONA?,https://festesmajorsdecatalunya.cat/comsona/,Si
CIA. RUBRICA TEATRE,https://festesmajorsdecatalunya.cat/cia-rubrica-teatre/,Si
CIA. SIFÓ,https://festesmajorsdecatalunya.cat/cia-sifo/,Si
CIA. TARANNÀ,https://festesmajorsdecatalunya.cat/cia-taranna/,Si
CINC CÈNTIMS,https://festesmajorsdecatalunya.cat/cinc-centims/,Si
CINI EXPRESS,https://festesmajorsdecatalunya.cat/cini-express/,Si
CIRC DE JOCS - ANIMACIÓ,https://festesmajorsdecatalunya.cat/circ-de-jocs/,Si
CIRC DE JOCS - PRESENTADOR PER ESDEVENIMENTS,https://festesmajorsdecatalunya.cat/circ-de-jocs-presentador-per-esdeveniments/,Si
CIRC DE JOCS - TALLERISTES,https://festesmajorsdecatalunya.cat/circ-de-jocs-talleristes/,Si
CIRC LOS,https://festesmajorsdecatalunya.cat/circ-los/,Si
CIRC PANIC,https://festesmajorsdecatalunya.cat/circ-panic/,Si
CIRC XIC,https://festesmajorsdecatalunya.cat/circ-xic/,Si
CIRCO-UP,https://festesmajorsdecatalunya.cat/circo-up/,Si
CLAQUÉ JAZZ TRIO,https://festesmajorsdecatalunya.cat/claque-jazz-trio/,Si
CLASH CITY ROCKERS,https://festesmajorsdecatalunya.cat/clash-city-rockers/,Si
CLAUDIO LEVATI,https://festesmajorsdecatalunya.cat/claudio-levati/,Si
COBLA,https://festesmajorsdecatalunya.cat/cobla/,Si
COBLA BERGA JOVE,https://festesmajorsdecatalunya.cat/cobla-berga-jove/,Si
COBLA CIUTAT DE GIRONA,https://festesmajorsdecatalunya.cat/cobla-ciutat-de-girona/,Si
COBLA JOVENÍVOLA DE SABADELL,https://festesmajorsdecatalunya.cat/cobla-jovenivola-de-sabadell/,Si
COBLA ORQUESTRA MONTGRINS,https://festesmajorsdecatalunya.cat/cobla-orquestra-montgrins/,Si
COBLA VILA D'OLESA,https://festesmajorsdecatalunya.cat/cobla-vila-dolesa/,Si
COMPANYIA ARTSOM,https://festesmajorsdecatalunya.cat/companyia-artsom/,Si
COMPANYIA DANI CARACOLA,https://festesmajorsdecatalunya.cat/companyia-dani-caracola/,Si
COMPANYIA DE TEATRE JCORONA,https://festesmajorsdecatalunya.cat/companyia-de-teatre-jcorona/,Si
COMPANYIA LINIBOHEMIA,https://festesmajorsdecatalunya.cat/companyia-linibohemia/,Si
COMPANYIA OBRA VISTA,https://festesmajorsdecatalunya.cat/companyia-obra-vista/,Si
COMPANYIA PASSERELL,https://festesmajorsdecatalunya.cat/companyia-passerell/,Si
COMPANYIA STRUC,https://festesmajorsdecatalunya.cat/companyia-struc/,Si
COMPANYIA TERNA,https://festesmajorsdecatalunya.cat/companyia-terna/,Si
COMPANYIES DE DANSA,https://festesmajorsdecatalunya.cat/companyies-de-dansa/,Si
COMPANYIES DE TEATRE I DANSA PER ESDEVENIMENTS,https://festesmajorsdecatalunya.cat/?p=34508,Si
CONNECT EVENTS,https://festesmajorsdecatalunya.cat/connect-events/,Si
CONNECTAD,https://festesmajorsdecatalunya.cat/connectad/,Si
COR CARLIT,https://festesmajorsdecatalunya.cat/cor-carlit/,Si
COR GOSPEL GIRONA,https://festesmajorsdecatalunya.cat/cor-gospel-girona/,Si
COR GÒSPEL L'ALIANÇA,https://festesmajorsdecatalunya.cat/cor-gospel-alianca/,Si
COR MARAGALL,https://festesmajorsdecatalunya.cat/cor-maragall/,Si
CORAL CANTIGA,https://festesmajorsdecatalunya.cat/coral-cantiga/,Si
CORRANDES SÓN CORRANDES,https://festesmajorsdecatalunya.cat/corrandes/,Si
COSMÈTICA NATURAL,https://festesmajorsdecatalunya.cat/cosmetica-natural/,Si
COSTA RENT,https://festesmajorsdecatalunya.cat/costa-rent/,Si
COTTON GUEST,https://festesmajorsdecatalunya.cat/cotton-guest/,Si
CRAMER,https://festesmajorsdecatalunya.cat/cramer/,Si
CREATEX ONLINE,https://festesmajorsdecatalunya.cat/createx-online/,Si
CREMA CATALANA,https://festesmajorsdecatalunya.cat/crema-catalana/,Si
DAN PERALBO I EL COMBOI,https://festesmajorsdecatalunya.cat/dan-peralbo-i-el-comboi/,Si
DAVID JIMENEZ I EMILI GISPERT,https://festesmajorsdecatalunya.cat/david-jimenez-i-emili-gispert/,Si
DECCOM AUDIO I LLUMS,https://festesmajorsdecatalunya.cat/deccom-audio-i-llums/,Si
DECORACIONES ROCXY,https://festesmajorsdecatalunya.cat/decoraciones-rocxy/,Si
DESBARATATS TEATRE,https://festesmajorsdecatalunya.cat/desbaratats-teatre/,Si
DIABLES DE SANT PERE NORD,https://festesmajorsdecatalunya.cat/diables-de-sant-pere-nord/,Si
DIAMOND STICK,https://festesmajorsdecatalunya.cat/diamond-stick/,Si
DIGITAL COPY,https://festesmajorsdecatalunya.cat/digital-copy/,Si
DIJAZZÒNIC,https://festesmajorsdecatalunya.cat/dijazzonic/,Si
DISCOMÒBIL DJ BLEIZY,https://festesmajorsdecatalunya.cat/discomobil-dj-bleizy/,Si
DISCOMÒBIL GIRÓ,https://festesmajorsdecatalunya.cat/discomobil-giro/,Si
DISCOMOBIL LLUIS SERRA,https://festesmajorsdecatalunya.cat/lluis-serra/,Si
DISSENY I IMPRESSIÓ DE FULLETONS,https://festesmajorsdecatalunya.cat/disseny-i-impressio-de-fulletons/,Si
DIVEREVENT,https://festesmajorsdecatalunya.cat/diverevent/,Si
DIVERFESTA,https://festesmajorsdecatalunya.cat/diverfesta/,Si
DIVINAS,https://festesmajorsdecatalunya.cat/divinas/,Si
DJ CAPUZZI & SEÑORITA X,https://festesmajorsdecatalunya.cat/dj-capuzzi-senorita-x/,Si
DJ FABY,https://festesmajorsdecatalunya.cat/dj-faby/,Si
DJOCS,https://festesmajorsdecatalunya.cat/djocs/,Si
DKDAS SHOW BAND,https://festesmajorsdecatalunya.cat/dkdas-show-band/,Si
DOBLE CARA,https://festesmajorsdecatalunya.cat/doble-cara/,Si
DOC AND THE MADS,https://festesmajorsdecatalunya.cat/doc-and-the-mads/,Si
DOMASSOS,https://festesmajorsdecatalunya.cat/domassos/,Si
DOMASSOS FETALPAIS,https://festesmajorsdecatalunya.cat/domassos-fetalpais/,Si
DONKEY AHEAD,https://festesmajorsdecatalunya.cat/donkey-ahead/,Si
DOUBLE GROUP,https://festesmajorsdecatalunya.cat/double-group/,Si
DR. FEVER,https://festesmajorsdecatalunya.cat/dr-fever/,Si
DRAC ACTIU,https://festesmajorsdecatalunya.cat/drac-actiu/,Si
DRUMBALA,https://festesmajorsdecatalunya.cat/drumbala/,Si
DUO LOF,https://festesmajorsdecatalunya.cat/duo-lof/,Si
DUO X CASO,https://festesmajorsdecatalunya.cat/duoxcaso/,Si
ECOGOTS,https://festesmajorsdecatalunya.cat/ecogots/,Si
ECOGREEN-REUSE,https://festesmajorsdecatalunya.cat/ecogreen-reuse/,Si
EDUCAMBIENT,https://festesmajorsdecatalunya.cat/educambient/,Si
EIMA,https://festesmajorsdecatalunya.cat/eima/,Si
EIRON QUINTET,https://festesmajorsdecatalunya.cat/eiron-quintet/,Si
EKO VERSIONS,https://festesmajorsdecatalunya.cat/eko-versions/,Si
EL CIRC PETIT,https://festesmajorsdecatalunya.cat/el-circ-petit/,Si
ELS ATRAPASOMNIS,https://festesmajorsdecatalunya.cat/els-atrapasomnis/,Si
ELS CONTES D'EN MOMO,https://festesmajorsdecatalunya.cat/els-contes-den-momo/,Si
ELS ESCARABATS,https://festesmajorsdecatalunya.cat/els-escarabats/,Si
ELS SECRETS MÀGICS AMB EL MAG RAFFAEL FLUSS,https://festesmajorsdecatalunya.cat/els-secrets-magics-amb-el-mag-raffael-fluss/,Si
ELS SENYORA,https://festesmajorsdecatalunya.cat/els-senyora/,Si
EMPREMTA BARCELONA,https://festesmajorsdecatalunya.cat/empremta-barcelona/,Si
ENCANTO DE LOCO,https://festesmajorsdecatalunya.cat/encanto-de-loco/,Si
ENERGIA PER ESDEVENIMENTS,https://festesmajorsdecatalunya.cat/energia-per-esdeveniments/,Si
ENTRIBU HANDMADE,https://festesmajorsdecatalunya.cat/entribu-handmade/,Si
ENTUVIDA,https://festesmajorsdecatalunya.cat/entuvida/,Si
ENVELATS ELIAS,https://festesmajorsdecatalunya.cat/envelats-elias/,Si
EPROJECTA,https://festesmajorsdecatalunya.cat/eprojecta/,Si
ÉS COSA DE 3,https://festesmajorsdecatalunya.cat/es-cosa-de-3/,Si
ESCENA MOBIL,https://festesmajorsdecatalunya.cat/escena-mobil/,Si
ESCÈNICA,https://festesmajorsdecatalunya.cat/escenica/,Si
ESPAI DEL VIDRE,https://festesmajorsdecatalunya.cat/espai-del-vidre/,Si
ESPECTACLES AMB DRONS,https://festesmajorsdecatalunya.cat/espectacles-amb-drons/,Si
ESPECTACLES D'HUMOR,https://festesmajorsdecatalunya.cat/espectacles-dhumor/,Si
ESPECTACLES D'IMPRO PER ESDEVENIMENTS,https://festesmajorsdecatalunya.cat/espectacles-dimpro-per-esdeveniments/,Si
ESPECTACLES EN CARAVANA,https://festesmajorsdecatalunya.cat/espectacles-caravana/,Si
ESPECTACLES INTERACTIUS,https://festesmajorsdecatalunya.cat/espectacles-interactius/,Si
ESPECTACLES MEDIEVALS,https://festesmajorsdecatalunya.cat/?p=33295,Si
ESPECTÁCULOS INTERACTIVOS,https://festesmajorsdecatalunya.cat/espectaculos-interactivos/,Si
ESQUITX BAND,https://festesmajorsdecatalunya.cat/esquitx-band/,Si
EVENTS 91,https://festesmajorsdecatalunya.cat/events-91/,Si
FADUNITO PRODUCCIONS,https://festesmajorsdecatalunya.cat/fadunito-pallassos/,Si
FADUNITO PRODUCCIONS,https://festesmajorsdecatalunya.cat/fadunito-produccions/,Si
FALCON & FIRKIN,https://festesmajorsdecatalunya.cat/falcon-and-firkin/,Si
FARRÉS BROTHERS I CIA.,https://festesmajorsdecatalunya.cat/farres-brothers-i-cia/,Si
FASE 3 - SO I LLUM,https://festesmajorsdecatalunya.cat/fase-3/,Si
FEFE I COMPANYIA - ANIMACIÓ INFANTIL,https://festesmajorsdecatalunya.cat/fefe-i-companyia-animacio-infantil/,Si
FEFE I COMPANYIA - TALLER DE JOCS,https://festesmajorsdecatalunya.cat/fefe-i-companyia-taller-de-jocs/,Si
FENIGRAF,https://festesmajorsdecatalunya.cat/fenigraf/,Si
FERCAM CORREDORIA D'ASSEGURANCES,https://festesmajorsdecatalunya.cat/fercam/,Si
FES LA TEVA,https://festesmajorsdecatalunya.cat/fes-la-teva/,Si
FES-T'HO COM VULGUIS,https://festesmajorsdecatalunya.cat/fes-tho-com-vulguis/,Si
FESTA DE L'ESCUMA,https://festesmajorsdecatalunya.cat/festa-de-lescuma/,Si
FESTA HOLI,https://festesmajorsdecatalunya.cat/festa-holi/,Si
FESTA I FUSTA,https://festesmajorsdecatalunya.cat/festa-i-fusta/,Si
FESTUC TEATRE,https://festesmajorsdecatalunya.cat/festuc-teatre/,Si
FILLS DE LA FLAMA - GRUP DE PERCUSSIÓ,https://festesmajorsdecatalunya.cat/fills-de-la-flama/,Si
FILLS DEL SR PRESIDENT,https://festesmajorsdecatalunya.cat/fills-del-sr-president/,Si
FIXION WAVE,https://festesmajorsdecatalunya.cat/fixion-wave/,Si
FLOSTIS LÚDICS,https://festesmajorsdecatalunya.cat/flostis-ludics/,Si
FLOWK,https://festesmajorsdecatalunya.cat/flowk/,Si
FLYING PIKMIS,https://festesmajorsdecatalunya.cat/flying-pikmis/,Si
FOLKY WEIGHT,https://festesmajorsdecatalunya.cat/folky-weight/,Si
FOODTRUCKS,https://festesmajorsdecatalunya.cat/foodtrucks/,Si
FREDI'S JAZZ BAND,https://festesmajorsdecatalunya.cat/fredis-jazz-band/,Si
FUGADOS DE ALCATRAZ,https://festesmajorsdecatalunya.cat/fugados-de-alcatraz/,Si
GAS A 3,https://festesmajorsdecatalunya.cat/gas-a-3/,Si
GAUDIR & PHOTOS,https://festesmajorsdecatalunya.cat/gaudir-photos/,Si
GEIM CREACIONS AUDIOVISUALS,https://festesmajorsdecatalunya.cat/geim-creacions-audiovisuals/,Si
GIFT CAMPAIGN,https://festesmajorsdecatalunya.cat/gift-campaign/,Si
GIRAMON,https://festesmajorsdecatalunya.cat/giramon/,Si
GIRONA RETOLACIÓ,https://festesmajorsdecatalunya.cat/girona-retolacio/,Si
GONBER CONTROL,https://festesmajorsdecatalunya.cat/gonber-control/,Si
GONBER EVENTS SEGURETAT,https://festesmajorsdecatalunya.cat/gonber-events-seguretat/,Si
GONBER SEGURETAT,https://festesmajorsdecatalunya.cat/gonber-seguretat/,Si
GOSPEL SOUL,https://festesmajorsdecatalunya.cat/gospel-soul/,Si
GOSPEL VALLÈS,https://festesmajorsdecatalunya.cat/gospel-valles/,Si
GRAFICSER,https://festesmajorsdecatalunya.cat/graficser/,Si
GRAFIMON,https://festesmajorsdecatalunya.cat/grafimon/,Si
GROOVIYAMA,https://festesmajorsdecatalunya.cat/grooviyama/,Si
GRUP BOU - SOLUCIONS GRÀFIQUES,https://festesmajorsdecatalunya.cat/grup-bou-solucions-grafiques/,Si
GRUP BUESO,https://festesmajorsdecatalunya.cat/grup-bueso/,Si
GRUP DENOCHE,https://festesmajorsdecatalunya.cat/grup-denoche/,Si
GRUP SIGNO,https://festesmajorsdecatalunya.cat/grup-signo/,Si
GRUPO MAESTRAT,https://festesmajorsdecatalunya.cat/grupomaestrat/,Si
GRUPO MAESTRAT,https://festesmajorsdecatalunya.cat/grupomaestrat-carpes/,Si
GRUPS A CAPELLA,https://festesmajorsdecatalunya.cat/grups-a-capella/,Si
GRUPS DE GÒSPEL,https://festesmajorsdecatalunya.cat/grups-de-gospel/,Si
GRUPS DE JAZZ,https://festesmajorsdecatalunya.cat/grups-de-jazz/,Si
GRUPS DE ROCK,https://festesmajorsdecatalunya.cat/grups-de-rock/,Si
GRUPS DE TANGO,https://festesmajorsdecatalunya.cat/grups-de-tango/,Si
GUIXOT DE 8,https://festesmajorsdecatalunya.cat/guixot-de-8/,Si
GUMBO JASS BAND,https://festesmajorsdecatalunya.cat/gumbo-jass-band/,Si
H.O.T,https://festesmajorsdecatalunya.cat/hot/,Si
HAVANERES,https://festesmajorsdecatalunya.cat/havaneres/,Si
HEURA,https://festesmajorsdecatalunya.cat/heura/,Si
HOTEL CAL MAGINET,https://festesmajorsdecatalunya.cat/hotel-cal-maginet/,Si
HOTOQUENTOT,https://festesmajorsdecatalunya.cat/hotoquentot/,Si
ILLA SENSACIONS,https://festesmajorsdecatalunya.cat/illa-sensacions/,Si
IMAGINARI KIDS,https://festesmajorsdecatalunya.cat/imaginari-kids/,Si
IMPRESSIÓ GRAN FORMAT,https://festesmajorsdecatalunya.cat/impressio-gran-format/,Si
IMPRESSIONS,https://festesmajorsdecatalunya.cat/impressions/,Si
IMPRESSIONS.CAT,https://festesmajorsdecatalunya.cat/?p=12108,Si
IMPRO SIDE STORY,https://festesmajorsdecatalunya.cat/impro-side-story/,Si
IMPROVISTO'S,https://festesmajorsdecatalunya.cat/improvistos/,Si
INDIGO SOUND,https://festesmajorsdecatalunya.cat/indigo-sound/,Si
INDRETS DE JOC,https://festesmajorsdecatalunya.cat/indrets-de-joc/,Si
INFUMABLES,https://festesmajorsdecatalunya.cat/infumables/,Si
INSOLITS PRODUCCIONS,https://festesmajorsdecatalunya.cat/insolits-produccions/,Si
JARANA ROCK,https://festesmajorsdecatalunya.cat/jarana-rock/,Si
JOC JOLIU,https://festesmajorsdecatalunya.cat/joc-joliu/,Si
JOCS DE CARRER,https://festesmajorsdecatalunya.cat/?p=27155,Si
JOIA CATALUNYA,https://festesmajorsdecatalunya.cat/joia-catalunya/,Si
JOIA CATALUNYA,https://festesmajorsdecatalunya.cat/?page_id=13232,Si
JOIERIA ARTESANAL,https://festesmajorsdecatalunya.cat/joieria-artesanal/,Si
JORDI CAPS,https://festesmajorsdecatalunya.cat/jordi-caps/,Si
JORDI RENART FOTOGRAFIA,https://festesmajorsdecatalunya.cat/jordi-renart-fotografia/,Si
JUNIOR'S ORQUESTRA,https://festesmajorsdecatalunya.cat/juniors-orquestra/,Si
KAIZEN ON THE ROAD,https://festesmajorsdecatalunya.cat/kaizen-on-the-road/,Si
KALI TEATRE,https://festesmajorsdecatalunya.cat/kali-teatre/,Si
KANAYA CIRC,https://festesmajorsdecatalunya.cat/kanaya-circ/,Si
KANGURS EVENTS,https://festesmajorsdecatalunya.cat/kangurs-events/,Si
KAPLA CATALUNYA,https://festesmajorsdecatalunya.cat/kapla-catalunya/,Si
KATAKRAK,https://festesmajorsdecatalunya.cat/katakrak/,Si
KLEO CBD,https://festesmajorsdecatalunya.cat/kleo-cbd/,Si
KM.O,https://festesmajorsdecatalunya.cat/km-o/,Si
KONTROVÈRSIA,https://festesmajorsdecatalunya.cat/kontroversia/,Si
KRISOLETS - CONTACONTES,https://festesmajorsdecatalunya.cat/krisolets-contacontes/,Si
L.A VAMPS,https://festesmajorsdecatalunya.cat/la-vamps/,Si
L'ESKERDA,https://festesmajorsdecatalunya.cat/leskerda/,Si
L'ÚLTIM SEGELL,https://festesmajorsdecatalunya.cat/lultim-segell/,Si
LA BANDA DEL DRAC,https://festesmajorsdecatalunya.cat/la-banda-del-drac/,Si
LA BANDA STREET GROOVE,https://festesmajorsdecatalunya.cat/la-banda-street-groove/,Si
LA BELLUGA ,https://festesmajorsdecatalunya.cat/la-belluga/,Si
LA BETTY ORQUESTRA,https://festesmajorsdecatalunya.cat/la-betty-orquestra/,Si
LA BIG BAND DE MONTBAU,https://festesmajorsdecatalunya.cat/la-big-band-de-montbau/,Si
LA BOMBETA CREATIVA,https://festesmajorsdecatalunya.cat/?page_id=13226,Si
LA BOMBETA CREATIVA,https://festesmajorsdecatalunya.cat/la-bombeta-creativa/,Si
LA CARAVAN SHOW,https://festesmajorsdecatalunya.cat/la-caravan-show/,Si
LA CARRAU,https://festesmajorsdecatalunya.cat/la-carrau/,Si
LA CHICA DE AYER,https://festesmajorsdecatalunya.cat/la-chica-de-ayer/,Si
LA CREMALLERA TEATRE,https://festesmajorsdecatalunya.cat/la-cremallera-teatre/,Si
LA DISFRESSA,https://festesmajorsdecatalunya.cat/la-disfressa/,Si
LA FLAMA DE FARNERS,https://festesmajorsdecatalunya.cat/la-flama-de-farners/,Si
LA GUÀRDIA REIAL,https://festesmajorsdecatalunya.cat/la-guardia-reial/,Si
LA IMPREMTA. IMATGE I COMUNICACIÓ,https://festesmajorsdecatalunya.cat/la-impremta/,Si
LA KAME BAND,https://festesmajorsdecatalunya.cat/la-kame-band/,Si
LA NOVA BLANES,https://festesmajorsdecatalunya.cat/la-nova-blanes/,Si
"LA PAYA, S.A.",https://festesmajorsdecatalunya.cat/la-paya-sa/,Si
LA PERLA TEATRO,https://festesmajorsdecatalunya.cat/la-perla-teatro/,Si
LA PETITE MORT VERMUTERIA,https://festesmajorsdecatalunya.cat/la-petite-mort-vermuteria/,Si
LA PINK MACHINE,https://festesmajorsdecatalunya.cat/la-pink-machine/,Si
LA REPÚBLICA RUMBERA,https://festesmajorsdecatalunya.cat/la-republica-rumbera/,Si
LA SALSETA DEL POBLESEC,https://festesmajorsdecatalunya.cat/la-salseta-del-poblesec/,Si
LA SAMARRETTA,https://festesmajorsdecatalunya.cat/la-samarretta/,Si
LA SOCIAL DISFUNKTION,https://festesmajorsdecatalunya.cat/la-social-disfunktion/,Si
LA TOUR DE CAROL,https://festesmajorsdecatalunya.cat/la-tour-de-carol/,Si
LA VELLA LOLA,https://festesmajorsdecatalunya.cat/la-vella-lola/,Si
LALI BEGOOD,https://festesmajorsdecatalunya.cat/lali-begood/,Si
LAS XL,https://festesmajorsdecatalunya.cat/las-xl/,Si
LAUZETA,https://festesmajorsdecatalunya.cat/lauzeta/,Si
LE MÊME,https://festesmajorsdecatalunya.cat/le-meme/,Si
LE SOUND TRUCK,https://festesmajorsdecatalunya.cat/le-sound-truck/,Si
LEDDREAM,https://festesmajorsdecatalunya.cat/leddream/,Si
LEDLEMON,https://festesmajorsdecatalunya.cat/ledlemon/,Si
LEFTOVERS DANCE,https://festesmajorsdecatalunya.cat/leftovers/,Si
LEITMOTIV - GRUP DE VERSIONS,https://festesmajorsdecatalunya.cat/leitmotiv/,Si
LES MONTSES,https://festesmajorsdecatalunya.cat/les-montses/,Si
LIS DIGITAL,https://festesmajorsdecatalunya.cat/lis-digital/,Si
LLANA ARTESANAL,https://festesmajorsdecatalunya.cat/llana-artesanal/,Si
LLOGUER DE DISFRESSES,https://festesmajorsdecatalunya.cat/lloguer-de-disfresses/,Si
LLOGUER DE TRENS TURÍSTICS,https://festesmajorsdecatalunya.cat/lloguer-de-trens-turistics/,Si
LLUM I SO,https://festesmajorsdecatalunya.cat/llum-i-so/,Si
LLUMS I LLETRES,https://festesmajorsdecatalunya.cat/llums-i-lletres/,Si
LOGIGRÀFIC,https://festesmajorsdecatalunya.cat/logigrafic/,Si
LOS BONGO BEAT,https://festesmajorsdecatalunya.cat/los-bongo-beat/,Si
LÒXIAS,https://festesmajorsdecatalunya.cat/loxias/,Si
LUDIESPAI - JOCS DE FUSTA XXL,https://festesmajorsdecatalunya.cat/ludiespai/,Si
LUDONIA,https://festesmajorsdecatalunya.cat/ludonia/,Si
M DE XOCOLATA TALLERS CREATIUS,https://festesmajorsdecatalunya.cat/m-de-xocolata/,Si
M&F SOLUTIONS,https://festesmajorsdecatalunya.cat/mf-solutions/,Si
MABSUTINS,https://festesmajorsdecatalunya.cat/mabsutins/,Si
MACRAMÉ,https://festesmajorsdecatalunya.cat/macrame/,Si
MAG JAN,https://festesmajorsdecatalunya.cat/mag-jan/,Si
MAG LLUC,https://festesmajorsdecatalunya.cat/mag-lluc/,Si
MAG OTGER EL DOS BARBES,https://festesmajorsdecatalunya.cat/mag-otger-el-dos-barbes/,Si
MÀGIA,https://festesmajorsdecatalunya.cat/magia/,Si
MAGIA BCN,https://festesmajorsdecatalunya.cat/magia-bcn/,Si
MALABOIG,https://festesmajorsdecatalunya.cat/malaboig/,Si
MALES PINTES,https://festesmajorsdecatalunya.cat/males-pintes/,Si
MANDALES,https://festesmajorsdecatalunya.cat/mandales/,Si
MARC SÀBAT,https://festesmajorsdecatalunya.cat/marc-sabat/,Si
MARINA CASELLAS,https://festesmajorsdecatalunya.cat/marina-casellas/,Si
MARXANDATGE,https://festesmajorsdecatalunya.cat/marxandatge/,Si
MAS GOSPEL,https://festesmajorsdecatalunya.cat/mas-gospel/,Si
MASKMAS_BCN,https://festesmajorsdecatalunya.cat/maskmas-bcn/,Si
MASSIVE,https://festesmajorsdecatalunya.cat/massive/,Si
MC PRODUCCIONS,https://festesmajorsdecatalunya.cat/mc-produccions/,Si
MEDIRFLASH SERVEIS I ESPECTACLES,https://festesmajorsdecatalunya.cat/medirflash-serveis-i-espectacles/,Si
MENNIE MUSIC,https://festesmajorsdecatalunya.cat/mennie-music/,Si
MÉS TUMÀCAT,https://festesmajorsdecatalunya.cat/mes-tumacat-teatre/,Si
MÉS TUMÀCAT - ANIMACIÓ INFANTIL,https://festesmajorsdecatalunya.cat/mes-tumacat/,Si
MILIU CALABUCH,https://festesmajorsdecatalunya.cat/miliu-calabuch/,Si
MIQUEL SEGARRA & ELS FUNICULARS SOMNÀMBULS,https://festesmajorsdecatalunya.cat/miquel-segarra-els-funiculars-somnambuls/,Si
MOBY DIXIE,https://festesmajorsdecatalunya.cat/moby-dixie/,Si
MOMENTUM,https://festesmajorsdecatalunya.cat/momentum-jordi-caps/,Si
MONOLOGUISTES,https://festesmajorsdecatalunya.cat/monologuistes/,Si
MOVIE BAND,https://festesmajorsdecatalunya.cat/movie-band/,Si
MÚSICA NUA,https://festesmajorsdecatalunya.cat/musica-nua/,Si
N'ROCK-CAT,https://festesmajorsdecatalunya.cat/nrock-cat/,Si
NADAY MACRAMÉ,https://festesmajorsdecatalunya.cat/naday-macrame/,Si
NENS FESTA,https://festesmajorsdecatalunya.cat/nens-festa/,Si
NEVERES PER ESDEVENIMENTS,https://festesmajorsdecatalunya.cat/neveres-per-esdeveniments/,Si
NEXART,https://festesmajorsdecatalunya.cat/nexart/,Si
NEXART PERCUSSION,https://festesmajorsdecatalunya.cat/nexart-percussion/,Si
NEXTCONTROL,https://festesmajorsdecatalunya.cat/nextcontrol/,Si
NIGHTMAN,https://festesmajorsdecatalunya.cat/nightman/,Si
NIÑAS DEL MAGO - GRUP DE MÀGIA,https://festesmajorsdecatalunya.cat/ninas-mago/,Si
NOSALTRES,https://festesmajorsdecatalunya.cat/nosaltres/,Si
NOSTRASONUS,https://festesmajorsdecatalunya.cat/nostrasonus/,Si
OA2 PRODUCCIONS,https://festesmajorsdecatalunya.cat/oa2-produccions/,Si
OCSID - SO I LLUM,https://festesmajorsdecatalunya.cat/ocsid-so-i-llum/,Si
OHISSA TEATRE,https://festesmajorsdecatalunya.cat/ohissa-teatre/,Si
OL'GREEN,https://festesmajorsdecatalunya.cat/olgreen/,Si
ORENETA,https://festesmajorsdecatalunya.cat/oreneta/,Si
ORIOL BORRÀS,https://festesmajorsdecatalunya.cat/oriol-borras/,Si
ORIOL CASALS,https://festesmajorsdecatalunya.cat/oriol-casals/,Si
ORQUESTRA ATALAIA,https://festesmajorsdecatalunya.cat/orquestra-atalaia/,Si
ORQUESTRA COSTA BRAVA,https://festesmajorsdecatalunya.cat/orquestra-costa-brava/,Si
ORQUESTRA DE CAMBRA CATALANA,https://festesmajorsdecatalunya.cat/orquestra-de-cambra-catalana/,Si
ORQUESTRA HIMALAYA,https://festesmajorsdecatalunya.cat/orquestra-himalaya/,Si
ORQUESTRA MARAVELLA,https://festesmajorsdecatalunya.cat/orquestra-maravella/,Si
ORQUESTRA ODISEA,https://festesmajorsdecatalunya.cat/orquestra-odisea/,Si
ORQUESTRA SIMFÒNICA SANT CUGAT,https://festesmajorsdecatalunya.cat/simfonica-sant-cugat/,Si
ORQUESTRA THE LUXE,https://festesmajorsdecatalunya.cat/orquestra-the-luxe/,Si
ORQUESTRA VENUS,https://festesmajorsdecatalunya.cat/orquestra-venus/,Si
ORQUESTRES PER LA LLIBERTAT,https://festesmajorsdecatalunya.cat/orquestres-per-la-llibertat/,Si
ORQUESTRES SIMFÒNIQUES DE CATALUNYA,https://festesmajorsdecatalunya.cat/orquestres-simfoniques/,Si
ORQUESTRINA TRAMA,https://festesmajorsdecatalunya.cat/orquestrina-trama/,Si
OTRA HISTORIA,https://festesmajorsdecatalunya.cat/otra-historia/,Si
PALLASSOS,https://festesmajorsdecatalunya.cat/pallassos/,Si
PÀMBOLI TEATRE,https://festesmajorsdecatalunya.cat/pamboli-teatre/,Si
PANETTONE BROTHERS,https://festesmajorsdecatalunya.cat/panettone-brothers/,Si
PANTALLES LED,https://festesmajorsdecatalunya.cat/pantalles-led/,Si
PATANEMO'S LATIN BAND,https://festesmajorsdecatalunya.cat/patanemos-latin-band/,Si
PAUPI EL MAGO,https://festesmajorsdecatalunya.cat/paupi-el-mago/,Si
PAÜRA,https://festesmajorsdecatalunya.cat/paura/,Si
PENDRAGON,https://festesmajorsdecatalunya.cat/pendragon/,Si
PENGIM-PENJAM TITELLES,https://festesmajorsdecatalunya.cat/pengim-penjam-titelles/,Si
PEP LLADÓ I LA RUMBA BLANCA,https://festesmajorsdecatalunya.cat/pep-llado-i-la-rumba-blanca/,Si
PEP PLAZA &AMP,https://festesmajorsdecatalunya.cat/pep-plaza-big-band-jazz-maresme/,Si
PERCUSSIÓ,https://festesmajorsdecatalunya.cat/percussio/,Si
PLAY,https://festesmajorsdecatalunya.cat/play/,Si
POLYTOI,https://festesmajorsdecatalunya.cat/polytoi/,Si
PRESENTADORS PER ESDEVENIMENTS,https://festesmajorsdecatalunya.cat/presentadors-per-esdeveniments/,Si
PRINT UP,https://festesmajorsdecatalunya.cat/print-up/,Si
PROJECT CARPAS,https://festesmajorsdecatalunya.cat/project-carpas/,Si
PRYSMA QUARTET,https://festesmajorsdecatalunya.cat/prysma-quartet/,Si
PUNTMOC,https://festesmajorsdecatalunya.cat/puntmoc/,Si
QGRAFIC,https://festesmajorsdecatalunya.cat/qgrafic/,Si
QUÈ FER AQUEST CAP DE SETMANA – 24 I 25 DE FEBRER,https://festesmajorsdecatalunya.cat/que-fer-prova/,Si
"QUICO EL CÉLIO, EL NOI I EL MUT DE FERRERIES",https://festesmajorsdecatalunya.cat/quico-el-celio/,Si
QUIRÀLIA,https://festesmajorsdecatalunya.cat/quiralia/,Si
RÀDIOHITS VERSIONS,https://festesmajorsdecatalunya.cat/radiohitsversions/,Si
RAH-MON ROMA,https://festesmajorsdecatalunya.cat/rah-mon-roma/,Si
RAÚL ALCARAZ,https://festesmajorsdecatalunya.cat/raul-alcaraz/,Si
RAUL BLACK,https://festesmajorsdecatalunya.cat/raul-black/,Si
RE-LAX,https://festesmajorsdecatalunya.cat/re-lax/,Si
REGALS DE FUSTA,https://festesmajorsdecatalunya.cat/regals-de-fusta/,Si
REPOSTERIA CREATIVA BY NABEL,https://festesmajorsdecatalunya.cat/reposteria-creativa-nabel/,Si
REPOSTERIA CREATIVA BY NABEL 2,https://festesmajorsdecatalunya.cat/?p=25382,Si
RESTAURANT CAL MAGINET,https://festesmajorsdecatalunya.cat/restaurant-cal-maginet/,Si
RG REGALS PUBLICITARIS,https://festesmajorsdecatalunya.cat/rg-regals-publicitaris/,Si
RG REGALS PUBLICITARIS ECOLÒGICS,https://festesmajorsdecatalunya.cat/rg-regals-publicitaris-ecologics/,Si
RIKUS - ANIMACIÓ INFANTIL,https://festesmajorsdecatalunya.cat/rikus/,Si
ROCK PER XICS - MÚSICA PER A TOTA LA FAMÍLIA,https://festesmajorsdecatalunya.cat/rock-per-xics/,Si
ROCKERXS HARD ROCK TRIBUTE,https://festesmajorsdecatalunya.cat/rockerxs/,Si
ROGER TORNÉ,https://festesmajorsdecatalunya.cat/roger-torne/,Si
ROOTOONS,https://festesmajorsdecatalunya.cat/rootoons/,Si
ROVELL D'OU,https://festesmajorsdecatalunya.cat/rovelldou/,Si
ROVELL D'OU - ESPECTACLES FAMILIARS,https://festesmajorsdecatalunya.cat/rovell-dou-espectacles-familiars/,Si
RUN STAGE,https://festesmajorsdecatalunya.cat/run-stage/,Si
S.E.M.P.R.E,https://festesmajorsdecatalunya.cat/sempre/,Si
S'TEMPLE BAR,https://festesmajorsdecatalunya.cat/stemple-bar/,Si
SA PENA,https://festesmajorsdecatalunya.cat/sa-pena/,Si
SAB. SOLIDS,https://festesmajorsdecatalunya.cat/sab-solids/,Si
SABOR DE GRÀCIA,https://festesmajorsdecatalunya.cat/sabor-de-gracia/,Si
SAL150,https://festesmajorsdecatalunya.cat/sal-150/,Si
SALVADOR RIBA - TEATRE DE CARRER,https://festesmajorsdecatalunya.cat/salvador-riba/,Si
SAM DARRIS,https://festesmajorsdecatalunya.cat/sam-darris/,Si
SAMBATÚ,https://festesmajorsdecatalunya.cat/sambatu/,Si
SANDRA REHDER,https://festesmajorsdecatalunya.cat/sandra-rehder/,Si
SANT ANDREU JAZZ BAND,https://festesmajorsdecatalunya.cat/sant-andreu-jazz-band/,Si
SARAU I MÉS,https://festesmajorsdecatalunya.cat/sarau-i-mes/,Si
SAVE THE TEMAZO,https://festesmajorsdecatalunya.cat/save-the-temazo/,Si
SEFRIC,https://festesmajorsdecatalunya.cat/sefric/,Si
SEGURCAMP,https://festesmajorsdecatalunya.cat/segurcamp/,Si
SELVATANA,https://festesmajorsdecatalunya.cat/selvatana/,Si
SENSEDRAMA TEATRE,https://festesmajorsdecatalunya.cat/sensedrama-teatre/,Si
SERGI SHINE & MARCO SONORO PRESENTEN MAAMBO!,https://festesmajorsdecatalunya.cat/sergi-shine-marco-sonoro/,Si
SET DE MÀGIA,https://festesmajorsdecatalunya.cat/set-de-magia/,Si
SET DE SO - ANIMACIÓ INFANTIL,https://festesmajorsdecatalunya.cat/set-de-so/,Si
SICUTA VERSIONS,https://festesmajorsdecatalunya.cat/sicuta-versions/,Si
SIENTA LA CABEZA,https://festesmajorsdecatalunya.cat/sienta-la-cabeza/,Si
SIENTA LA CABEZA 2,https://festesmajorsdecatalunya.cat/?p=23589,Si
SILVER MONKEYS,https://festesmajorsdecatalunya.cat/silver-monkeys/,Si
SÍNOCA,https://festesmajorsdecatalunya.cat/sinoca/,Si
SISENA,https://festesmajorsdecatalunya.cat/sisena/,Si
SIXSTRINGS,https://festesmajorsdecatalunya.cat/sixstrings/,Si
SOFREGIT VERSIONS,https://festesmajorsdecatalunya.cat/sofregit-versions/,Si
SOLO CARMEN,https://festesmajorsdecatalunya.cat/solo-carmen/,Si
SOLPOPS VERSIONS - GRUP DE VERSIONS,https://festesmajorsdecatalunya.cat/solpops-versions/,Si
SOM PERCUSSIÓ - ANIMACIÓ PER ESDEVENIMENTS,https://festesmajorsdecatalunya.cat/som-percussio-animacio/,Si
SOM PERCUSSIÓ - TALLER DE PERCUSSIÓ,https://festesmajorsdecatalunya.cat/som-percussio/,Si
SOMROCK,https://festesmajorsdecatalunya.cat/somrock/,Si
SONITRONS AUDIOVISUALS,https://festesmajorsdecatalunya.cat/sonitrons-audiovisuals/,Si
SONORITY,https://festesmajorsdecatalunya.cat/sonority/,Si
SPLIT BANANAS,https://festesmajorsdecatalunya.cat/split-bananas/,Si
SR. À & MALAKA,https://festesmajorsdecatalunya.cat/sr-a-malaka/,Si
STAR MAMAS,https://festesmajorsdecatalunya.cat/star-mamas/,Si
STAR WAYS,https://festesmajorsdecatalunya.cat/star-ways/,Si
STARMAGIC PRODUCCIONS,https://festesmajorsdecatalunya.cat/starmagic-produccions/,Si
STEELHALO,https://festesmajorsdecatalunya.cat/steelhalo/,Si
REPRESENTACIONS ARTÍSTIQUES SUBIRÓS,https://festesmajorsdecatalunya.cat/subiros/,Si
SUPER HEAVY BRICKS,https://festesmajorsdecatalunya.cat/super-heavy-bricks/,Si
SWING LATINO,https://festesmajorsdecatalunya.cat/swing-latino/,Si
T-IMPROVISO,https://festesmajorsdecatalunya.cat/t-improviso/,Si
TABALERS DE XÀLDIGA - BATUCADA PER FESTES,https://festesmajorsdecatalunya.cat/tabalers-de-xaldiga/,Si
TALIA TEATRE,https://festesmajorsdecatalunya.cat/talia-teatre/,Si
TALLERS DE DANSA PER ESDEVENIMENTS,https://festesmajorsdecatalunya.cat/tallers-de-dansa-per-esdeveniments/,Si
TANAKA TEATRE,https://festesmajorsdecatalunya.cat/tanaka-teatre/,Si
TATA INTI,https://festesmajorsdecatalunya.cat/tata-inti/,Si
TEATRE DE MALETA,https://festesmajorsdecatalunya.cat/teatre-de-maleta/,Si
TEKSOLUZ,https://festesmajorsdecatalunya.cat/teksoluz/,Si
TELEGRAFIK,https://festesmajorsdecatalunya.cat/telegrafik/,Si
TELL FUSTA,https://festesmajorsdecatalunya.cat/tell-fusta/,Si
THE BAD SAILORS,https://festesmajorsdecatalunya.cat/the-bad-sailors/,Si
THE BEATING SOULS,https://festesmajorsdecatalunya.cat/the-beating-souls/,Si
THE BEST - TINA TURNER TRIBUTE BAND,https://festesmajorsdecatalunya.cat/the-best-tina-turner-tribute-band/,Si
THE COOLS,https://festesmajorsdecatalunya.cat/the-cools/,Si
THE COVERS BAND,https://festesmajorsdecatalunya.cat/the-covers-band/,Si
THE GOSPEL VIU CHOIR,https://festesmajorsdecatalunya.cat/the-gospel-viu-choir/,Si
THE HANFRIS QUARTET,https://festesmajorsdecatalunya.cat/the-hanfris-quartet/,Si
THE PUMPETTES,https://festesmajorsdecatalunya.cat/?page_id=2238,Si
THE RIVER TROUPE GOSPEL,https://festesmajorsdecatalunya.cat/the-river-troupe-gospel/,Si
THE ROLLING FOC,https://festesmajorsdecatalunya.cat/the-rolling-foc/,Si
THE SEVENTIES 🔥,https://festesmajorsdecatalunya.cat/the-seventies/,Si
THE SOUNDDREAMERS,https://festesmajorsdecatalunya.cat/the-sounddreamers/,Si
THE SPARKLES,https://festesmajorsdecatalunya.cat/the-sparkles/,Si
THE WELCOME BAND,https://festesmajorsdecatalunya.cat/the-welcome-band/,Si
TODOZANCOS,https://festesmajorsdecatalunya.cat/todozancos/,Si
TON MUNTANÉ,https://festesmajorsdecatalunya.cat/ton-muntane/,Si
TONS I SONS,https://festesmajorsdecatalunya.cat/tonsisons/,Si
TOP TENT,https://festesmajorsdecatalunya.cat/top-tent/,Si
TRAÇ GRÀFIC,https://festesmajorsdecatalunya.cat/trac-grafic/,Si
TRANSTORNERS,https://festesmajorsdecatalunya.cat/transtorners/,Si
TRENS TURÍSTICS TRICU TRICU,https://festesmajorsdecatalunya.cat/trens-turistics-tricu-tricu/,Si
TRIO TICO,https://festesmajorsdecatalunya.cat/trio-tico/,Si
TULASI TEATRE,https://festesmajorsdecatalunya.cat/tulasi-teatre/,Si
TÚSICA (GRUP DE MÚSICA),https://festesmajorsdecatalunya.cat/tusica-grup-de-musica/,Si
TUTATIS,https://festesmajorsdecatalunya.cat/tutatis/,Si
TWOCATS PEL GOSPEL,https://festesmajorsdecatalunya.cat/twocats-pel-gospel/,Si
TX SONORITZACIONS,https://festesmajorsdecatalunya.cat/tx-sonoritzacions/,Si
TXARANGA BAND TOCATS,https://festesmajorsdecatalunya.cat/band-tocats/,Si
UN SUEÑO DE LOCOS,https://festesmajorsdecatalunya.cat/un-sueno-de-locos/,Si
UNDERROCK,https://festesmajorsdecatalunya.cat/underrock/,Si
UNISO,https://festesmajorsdecatalunya.cat/uniso/,Si
UTACIRC,https://festesmajorsdecatalunya.cat/utacirc/,Si
VA DE JOCS,https://festesmajorsdecatalunya.cat/va-de-jocs/,Si
VELVET JEANS,https://festesmajorsdecatalunya.cat/velvet-jeans/,Si
VENT D'EVENTS,https://festesmajorsdecatalunya.cat/vent-devents/,Si
VEUS VEUS,https://festesmajorsdecatalunya.cat/veus-veus/,Si
VEUS.KAT,https://festesmajorsdecatalunya.cat/veus-kat/,Si
VIDEOMAPPING,https://festesmajorsdecatalunya.cat/videomapping/,Si
VIDRE ARTESANAL,https://festesmajorsdecatalunya.cat/vidre-artesanal/,Si
VIO DOT ART,https://festesmajorsdecatalunya.cat/vio-dot-art/,Si
VIOLENTOS,https://festesmajorsdecatalunya.cat/violentos/,Si
VMOMENTSBCN,https://festesmajorsdecatalunya.cat/vmomentsbcn/,Si
VOCAL GROOVE,https://festesmajorsdecatalunya.cat/vocal-groove/,Si
WANAKA SOUND,https://festesmajorsdecatalunya.cat/wanaka-sound/,Si
WEEKCLEAN,https://festesmajorsdecatalunya.cat/weekclean/,Si
WHALE TRIP,https://festesmajorsdecatalunya.cat/whale-trip/,Si
WOOD&BULB,https://festesmajorsdecatalunya.cat/wood-and-bulb/,Si
XARANGA BUFACANYES,https://festesmajorsdecatalunya.cat/xaranga-bufacanyes-no/,Si
XARANGA BUFACANYES,https://festesmajorsdecatalunya.cat/xaranga-bufacanyes/,Si
XARANGA SUQUET CALERO,https://festesmajorsdecatalunya.cat/xaranga-suquet-calero/,Si
XARANGA TOKINTASH,https://festesmajorsdecatalunya.cat/xaranga-tokintash/,Si
XARANGA'LS DESMADRATS,https://festesmajorsdecatalunya.cat/xarangals-desmadrats/,Si
XAROP DE NIT,https://festesmajorsdecatalunya.cat/xarop-de-nit/,Si
XIP XAP,https://festesmajorsdecatalunya.cat/xip-xap/,Si
XOU'S,https://festesmajorsdecatalunya.cat/xous-esdeveniments/,Si
XOU'S,https://festesmajorsdecatalunya.cat/xous-inflables/,Si
ZEN DEL SUR,https://festesmajorsdecatalunya.cat/zen-del-sur/,Si
ZONATIPI,https://festesmajorsdecatalunya.cat/zonatipi/,Si
LA RODA PRODUCCIONS,https://festesmajorsdecatalunya.cat/la-roda-produccions/,Si
EMBROUTATS TEATRE,https://festesmajorsdecatalunya.cat/embroutats/,Si
MIOPS,https://festesmajorsdecatalunya.cat/miops/,Si
WECOLORMUSIC,https://festesmajorsdecatalunya.cat/wecolormusic/,Si
GRUP ASTER,https://festesmajorsdecatalunya.cat/grup-aster/,Si
STRESBAND,https://festesmajorsdecatalunya.cat/stresband/,Si
HELENA ROSICH,https://festesmajorsdecatalunya.cat/helena-rosich/,Si
THE DENIM RIPS,https://festesmajorsdecatalunya.cat/the-denim-rips/,Si
LA CREMALLERA TEATRE,https://festesmajorsdecatalunya.cat/la-cremallera-teatre/,Si
LA GUILLA TEATRE,https://festesmajorsdecatalunya.cat/la-guilla-teatre/,Si
FAR DE PONENT,https://festesmajorsdecatalunya.cat/far-de-ponent/,Si
THE STANDARS,https://festesmajorsdecatalunya.cat/the-standars/,Si
CIA. PAPANATAS TEATRE,https://festesmajorsdecatalunya.cat/cia-papanatas-teatre/,Si
ORQUESTRA HIMALAYA,https://festesmajorsdecatalunya.cat/orquestra-himalaya/,Si
COVERAGE,https://festesmajorsdecatalunya.cat/coverage/,Si
LOLA AND THE RHINOS,https://festesmajorsdecatalunya.cat/lola-and-the-rhinos/,Si
CIA. XAXI ESPECTACLES,https://festesmajorsdecatalunya.cat/xaxi-espectacles/,Si
CIA. INHABITANTS,https://festesmajorsdecatalunya.cat/inhabitants/,Si
RIKUS,https://festesmajorsdecatalunya.cat/rikus/,Si
RAMPAIRE,https://festesmajorsdecatalunya.cat/rampaire/,Si
SET DE SO,https://festesmajorsdecatalunya.cat/set-de-so/,Si
TONITON,https://festesmajorsdecatalunya.cat/toniton/,Si
LA CUCA,https://festesmajorsdecatalunya.cat/la-cuca/,Si
KINTUS,https://festesmajorsdecatalunya.cat/kintus/,Si
PIROTÈCNIA ESTALELLA,https://festesmajorsdecatalunya.cat/pirotecnia-estalella/,Si
EGOS TEATRE,https://festesmajorsdecatalunya.cat/egos-teatre/,Si
PEIXOSPEIXERES TEATRE,https://festesmajorsdecatalunya.cat/peixospeixeres-teatre/,Si
TRANSLACIÓ,https://festesmajorsdecatalunya.cat/translacio/,Si
ESPIRAL MÀGICA,https://festesmajorsdecatalunya.cat/espiral-magica/,Si
PROTONS PERCUSSIÓ,https://festesmajorsdecatalunya.cat/protons-percussio/,Si
ATOMIC LEOPARDS,https://festesmajorsdecatalunya.cat/atomic-leopards/,Si
ELS SUPERHEROIS,https://festesmajorsdecatalunya.cat/els-superherois/,Si
MAG RAMÓ,https://festesmajorsdecatalunya.cat/mag-ramo/,Si
CIA PENÉLOPE Y AQUILES,https://festesmajorsdecatalunya.cat/cia-penelope-y-aquiles/,Si
POP'N'ROLL,https://festesmajorsdecatalunya.cat/popnroll/,Si
PUÇA ESPECTACLES,https://festesmajorsdecatalunya.cat/puca-espectacles/,Si
DOCTORFLY SHOW,https://festesmajorsdecatalunya.cat/doctorfly-show/,Si
FUN DAN MONDAYS,https://festesmajorsdecatalunya.cat/fun-dan-mondays/,Si
HUMANCÍA COMPANYIA DE DANSA,https://festesmajorsdecatalunya.cat/humancia-companyia-de-dansa/,Si
PAMPALLUGUES TEATRE,https://festesmajorsdecatalunya.cat/pampallugues-teatre/,Si
HIDRA,https://festesmajorsdecatalunya.cat/hidra/,Si
CONTRADIRECCIÓN,https://festesmajorsdecatalunya.cat/contradireccion/,Si
SIFASOL,https://festesmajorsdecatalunya.cat/sifasol/,Si
SIFASOL HAVANERES,https://festesmajorsdecatalunya.cat/sifasol-havaneres/,Si
CIA. PENÉLOPE I AQUILES,https://festesmajorsdecatalunya.cat/cia-penelope-i-aquiles/,Si
NIUSS,https://festesmajorsdecatalunya.cat/niuss/,Si
BINGDO,https://festesmajorsdecatalunya.cat/bingdo/,Si
UN TOC DE FESTA,https://festesmajorsdecatalunya.cat/un-toc-de-festa/,Si
LA CITTÀ INFINITA (PROHIBIT NO TOCAR),https://festesmajorsdecatalunya.cat/la-citta-infinita/,Si
JOAN COLOMO,https://festesmajorsdecatalunya.cat/joan-colomo/,Si
XA! TEATRE,https://festesmajorsdecatalunya.cat/xa-teatre/,Si
FUNK & COBLA   (COBLA BISBAL JOVE),https://festesmajorsdecatalunya.cat/cobla-bisbal-jove/,Si
KOILON GRADA,https://festesmajorsdecatalunya.cat/koilon-grada/,Si
EUTOPICA,https://festesmajorsdecatalunya.cat/eutopica/,Si
MAUS KIDS,https://festesmajorsdecatalunya.cat/maus-kids/,Si
ARRIBAR I PLOURE,https://festesmajorsdecatalunya.cat/arribariploure/,Si
ENRIQUE SANTIAGO 'RUMBA FUSIÓN',https://festesmajorsdecatalunya.cat/enrique-santiago/,Si
CAFÈ TRIO,https://festesmajorsdecatalunya.cat/cafe-trio/,Si
ARNAU FOLCH,https://festesmajorsdecatalunya.cat/arnau-folch/,Si
VIOLIN STARS,https://festesmajorsdecatalunya.cat/violin-stars/,Si
MARDUIX,https://festesmajorsdecatalunya.cat/marduix/,Si
AQUAFONIA,https://festesmajorsdecatalunya.cat/aquafonia/,Si
DE POETES CANÇONETES,https://festesmajorsdecatalunya.cat/de-poetes-canconetes/,Si
CIRCONFUSO,https://festesmajorsdecatalunya.cat/circonfuso/,Si
PD BINGOS,https://festesmajorsdecatalunya.cat/pd-bingos/,Si
ALMA DE POP,https://festesmajorsdecatalunya.cat/alma-de-pop/,Si
JOANA CHORDÀ MANAGEMENT,https://festesmajorsdecatalunya.cat/joana-chorda-management/,Si
MONTFLORIT,https://festesmajorsdecatalunya.cat/montflorit/,Si
MARK BOSKE,https://festesmajorsdecatalunya.cat/mark-boske/,Si
BAT AUDICIONS,https://festesmajorsdecatalunya.cat/bat-audicions/,Si
ORKESTRA KANALLA,https://festesmajorsdecatalunya.cat/orkestra-kanalla/,Si
SIDRAL BRASS BAND,https://festesmajorsdecatalunya.cat/sidral-brass-band/,Si
STATU QUONIAM,https://festesmajorsdecatalunya.cat/statu-quoniam/,Si
ZIGURAT CIRCUS BAND,https://festesmajorsdecatalunya.cat/zigurat-circus-band/,Si
RUMBAND,https://festesmajorsdecatalunya.cat/rumband/,Si
BOMBASTIK PERCUSSIÓ,https://festesmajorsdecatalunya.cat/bombastik-percussio/,Si
TRIVIABCN,https://festesmajorsdecatalunya.cat/triviabcn/,Si
ARA I SEMPRE,https://festesmajorsdecatalunya.cat/ara-i-sempre/,Si
CORDERROURE,https://festesmajorsdecatalunya.cat/corderroure/,Si
RUMBERTO,https://festesmajorsdecatalunya.cat/rumberto/,Si
COCOLISTO,https://festesmajorsdecatalunya.cat/cocolisto/,Si
LA RESIDUAL,https://festesmajorsdecatalunya.cat/la-residual/,Si
L'OBRADOR GEST LÚDIC,https://festesmajorsdecatalunya.cat/lobrador/,Si
L'AèSCENICA,https://festesmajorsdecatalunya.cat/lascenica/,Si
SOYLAFIESTA SL,https://festesmajorsdecatalunya.cat/soylafiesta-animacio/,Si
LA XARRANCA,https://festesmajorsdecatalunya.cat/la-xarranca/,Si
M&M SUPER HITS,https://festesmajorsdecatalunya.cat/mm-super-hits/,Si
SWING ENGINE STREET SEXTET,https://festesmajorsdecatalunya.cat/swing-engine/,Si
SOUNDCARCK COVERBAND,https://festesmajorsdecatalunya.cat/soundcrack-coverband/,Si
XIULA,https://festesmajorsdecatalunya.cat/xiula/,Si
RUBBERSOUL,https://festesmajorsdecatalunya.cat/rubbersoul/,Si
APALOSECO,https://festesmajorsdecatalunya.cat/apaloseco/,Si
"ZIC,ZAC,ZUC",https://festesmajorsdecatalunya.cat/zic-zac-zuc/,Si
FEM EL RUC,https://festesmajorsdecatalunya.cat/fem-el-ruc/,Si
MUSIC EVENTS BY OBI-ONE,https://festesmajorsdecatalunya.cat/musicevents-by-obi-one/,Si
BINGO MUSICAL,https://festesmajorsdecatalunya.cat/bingo-musical/,Si
GM ARTISTIC PRODUCCIONS,https://festesmajorsdecatalunya.cat/gm-artistic/,Si
ORQUESTRA MOTHERFUCKER,https://festesmajorsdecatalunya.cat/orquestra-motherfucker/,Si
GM ARTiSTIC PRODUCCIONS,https://festesmajorsdecatalunya.cat/gm-artistic/,Si
NO LIMITS EVENTOS,https://festesmajorsdecatalunya.cat/no-limits-eventos/,Si
LA CASSETE DJ'S,https://festesmajorsdecatalunya.cat/la-cassette-djs/,Si
MOMENTS DE COLORS,https://festesmajorsdecatalunya.cat/moments-de-colors/,Si
ESTOPIFY (TRIBUT A ESTOPA),https://festesmajorsdecatalunya.cat/estopify-tribut-a-estopa/,Si
WILFRID ENERGIA HUMANA,https://festesmajorsdecatalunya.cat/wilfrid-energia-humana/,Si